City_ID,City,Country,Date,Lat,Lng,Max Temp,Humidity,Cloudiness,Wind Speed
0,Albany,US,2022-01-31 13:42:44,42.6001,-73.9662,18.3,72,21,1.74
1,Katobu,ID,2022-01-31 13:47:20,-4.9408,122.5276,76.87,81,95,1.74
2,Ribeira Grande,PT,2022-01-31 13:47:21,38.5167,-28.7,63.0,59,20,21.85
3,Hobart,AU,2022-01-31 13:46:57,-42.8794,147.3294,67.12,87,40,4.61
4,Andros Town,BS,2022-01-31 13:47:21,24.7,-77.7667,66.16,52,96,14.12
5,Salmon Arm,CA,2022-01-31 13:47:22,50.6998,-119.3024,37.24,93,100,2.3
6,Bengkulu,ID,2022-01-31 13:42:28,-3.8004,102.2655,78.28,87,100,3.85
7,Khatanga,RU,2022-01-31 13:47:22,71.9667,102.5,-18.76,100,94,4.27
8,Saldanha,ZA,2022-01-31 13:47:22,-33.0117,17.9442,93.25,69,57,15.3
9,Vaini,TO,2022-01-31 13:47:23,-21.2,-175.2,79.57,76,100,12.93
10,Namibe,AO,2022-01-31 13:47:23,-15.1961,12.1522,77.68,61,78,12.15
11,Busselton,AU,2022-01-31 13:47:24,-33.65,115.3333,64.09,59,77,18.45
12,Santa Cruz,BO,2022-01-31 13:42:28,-17.8,-63.1667,82.45,74,20,14.97
13,Jamestown,US,2022-01-31 13:47:24,42.097,-79.2353,16.3,85,0,0.0
14,Tilichiki,RU,2022-01-31 13:46:44,60.4667,166.1,7.72,95,100,10.56
15,Ushuaia,AR,2022-01-31 13:45:40,-54.8,-68.3,49.62,66,40,26.46
16,Mandalgovi,MN,2022-01-31 13:47:25,45.7625,106.2708,2.1,64,0,7.36
17,Hermanus,ZA,2022-01-31 13:47:25,-34.4187,19.2345,87.8,60,9,23.69
18,Provideniya,RU,2022-01-31 13:47:26,64.3833,-173.3,4.06,80,62,17.05
19,Cape Town,ZA,2022-01-31 13:43:20,-33.9258,18.4232,82.27,50,0,14.97
20,Ust-Kuyga,RU,2022-01-31 13:47:27,70.0167,135.6,-30.62,100,100,3.44
21,Rikitea,PF,2022-01-31 13:47:27,-23.1203,-134.9692,76.73,61,100,2.68
22,Thompson,CA,2022-01-31 13:47:27,55.7435,-97.8558,-3.84,84,100,5.75
23,Okhotsk,RU,2022-01-31 13:47:28,59.3833,143.3,10.04,77,99,18.95
24,Kolaras,IN,2022-01-31 13:47:28,25.2333,77.6,64.71,41,0,6.82
25,Punta Arenas,CL,2022-01-31 13:44:17,-53.15,-70.9167,51.91,58,100,23.02
26,Cabo San Lucas,MX,2022-01-31 13:44:33,22.8909,-109.9124,67.51,75,0,4.61
27,Faya,SA,2022-01-31 13:47:29,18.3851,42.4509,64.51,65,40,9.78
28,Danilovka,RU,2022-01-31 13:47:29,50.3557,44.1168,33.21,96,100,17.38
29,Yar-Sale,RU,2022-01-31 13:47:18,66.8333,70.8333,-12.66,100,89,5.08
30,Kapaa,US,2022-01-31 13:47:30,22.0752,-159.319,69.78,85,100,1.01
31,Ozernovskiy,RU,2022-01-31 13:47:30,51.5,156.5167,23.18,78,100,11.54
32,Mackay,AU,2022-01-31 13:47:31,-21.15,149.2,76.98,88,40,2.3
33,Umm Lajj,SA,2022-01-31 13:47:31,25.0213,37.2685,66.33,50,52,18.61
34,Qaanaaq,GL,2022-01-31 13:47:31,77.484,-69.3632,-15.21,66,99,7.27
35,Nanortalik,GL,2022-01-31 13:45:51,60.1432,-45.2371,25.41,79,99,34.92
36,Bischwiller,FR,2022-01-31 13:47:32,48.7659,7.8583,46.51,64,75,14.97
37,Kama,RU,2022-01-31 13:47:32,56.3051,54.0936,8.28,100,92,3.78
38,Montreal,CA,2022-01-31 13:43:29,45.5088,-73.5878,9.81,84,75,2.3
39,Upington,ZA,2022-01-31 13:47:33,-28.4478,21.2561,80.98,54,75,12.66
40,Puerto Ayora,EC,2022-01-31 13:47:33,-0.7393,-90.3518,73.81,81,100,4.14
41,Norman Wells,CA,2022-01-31 13:44:39,65.282,-126.8329,3.24,78,100,14.97
42,Vila Velha,BR,2022-01-31 13:47:34,-20.3297,-40.2925,89.55,73,0,7.0
43,Bluff,NZ,2022-01-31 13:47:34,-46.6,168.3333,61.81,92,60,2.13
44,Huntsville,US,2022-01-31 13:43:42,34.7304,-86.5861,38.19,79,0,0.0
45,Isangel,VU,2022-01-31 13:47:35,-19.55,169.2667,76.57,93,100,7.05
46,Grand-Santi,GF,2022-01-31 13:48:35,4.25,-54.3833,77.83,81,100,3.13
47,Port Alfred,ZA,2022-01-31 13:48:36,-33.5906,26.891,82.13,72,68,22.01
48,Yellowknife,CA,2022-01-31 13:48:36,62.456,-114.3525,-16.58,82,75,12.66
49,Longyearbyen,SJ,2022-01-31 13:48:37,78.2186,15.6401,10.24,61,75,17.27
50,Mahebourg,MU,2022-01-31 13:48:37,-20.4081,57.7,84.49,70,75,12.66
51,Flin Flon,CA,2022-01-31 13:45:04,54.7682,-101.865,4.84,85,100,4.61
52,Tabou,CI,2022-01-31 13:48:38,4.423,-7.3528,85.96,60,8,9.89
53,Monrovia,LR,2022-01-31 13:45:04,6.3005,-10.7969,91.17,57,23,10.51
54,Lagoa,PT,2022-01-31 13:48:38,39.05,-27.9833,59.07,70,61,23.87
55,Souillac,MU,2022-01-31 13:48:39,-20.5167,57.5167,84.58,70,75,12.66
56,Amursk,RU,2022-01-31 13:48:39,50.2261,136.8994,-8.16,97,100,7.47
57,Shevchenkove,UA,2022-01-31 13:48:40,49.6959,37.1735,31.78,90,100,16.44
58,New Norfolk,AU,2022-01-31 13:48:40,-42.7826,147.0587,66.76,70,46,2.82
59,Ahipara,NZ,2022-01-31 13:47:32,-35.1667,173.1667,68.52,93,100,13.02
60,Mantes-La-Ville,FR,2022-01-31 13:48:41,48.9737,1.7025,48.09,62,96,19.06
61,Havelock,US,2022-01-31 13:45:48,34.8791,-76.9013,42.93,77,97,3.74
62,East London,ZA,2022-01-31 13:48:41,-33.0153,27.9116,83.34,69,0,9.22
63,Castro,BR,2022-01-31 13:48:41,-24.7911,-50.0119,71.35,78,85,3.2
64,Codrington,AU,2022-01-31 13:48:42,-38.2667,141.9667,62.46,88,0,7.25
65,Kabwe,ZM,2022-01-31 13:48:08,-14.4469,28.4464,66.0,94,100,3.83
66,Atuona,PF,2022-01-31 13:48:42,-9.8,-139.0333,77.63,78,4,17.72
67,Butaritari,KI,2022-01-31 13:48:43,3.0707,172.7902,81.61,78,99,18.07
68,Port Elizabeth,ZA,2022-01-31 13:45:27,-33.918,25.5701,77.29,78,0,16.11
69,Quixada,BR,2022-01-31 13:48:43,-4.9714,-39.0153,89.38,46,70,8.28
70,Mataura,NZ,2022-01-31 13:48:44,-46.1927,168.8643,61.48,97,50,1.57
71,Zlobin,HR,2022-01-31 13:48:44,45.2924,14.6541,40.37,83,75,9.22
72,Arraial Do Cabo,BR,2022-01-31 13:48:45,-22.9661,-42.0278,84.16,74,75,6.91
73,Teahupoo,PF,2022-01-31 13:48:45,-17.8333,-149.2667,69.76,78,58,18.61
74,Taltal,CL,2022-01-31 13:48:46,-25.4,-70.4833,67.39,73,8,5.1
75,Avera,US,2022-01-31 13:48:46,33.194,-82.5271,40.51,76,100,7.14
76,Clyde River,CA,2022-01-31 13:44:11,70.4692,-68.5914,-27.17,75,0,5.75
77,Catuday,PH,2022-01-31 13:48:47,16.2923,119.8062,77.22,76,4,9.04
78,Dafeng,CN,2022-01-31 13:48:47,23.4517,108.5881,45.32,89,100,3.29
79,Victor Harbor,AU,2022-01-31 13:48:47,-35.5667,138.6167,76.8,84,0,1.01
80,Paamiut,GL,2022-01-31 13:48:48,61.994,-49.6678,28.72,80,100,25.97
81,Esperance,AU,2022-01-31 13:48:48,-33.8667,121.9,60.64,68,100,17.85
82,Banda Aceh,ID,2022-01-31 13:48:49,5.5577,95.3222,79.68,82,51,10.92
83,Hilo,US,2022-01-31 13:48:06,19.7297,-155.09,68.61,79,100,6.91
84,Bredasdorp,ZA,2022-01-31 13:48:49,-34.5322,20.0403,87.28,64,94,17.67
85,Tromso,NO,2022-01-31 13:45:12,69.6496,18.957,28.42,74,75,5.01
86,Chuy,UY,2022-01-31 13:48:50,-33.6971,-53.4616,81.36,51,4,11.03
87,Hofn,IS,2022-01-31 13:48:50,64.2539,-15.2082,24.82,68,100,8.05
88,Marrakesh,MA,2022-01-31 13:46:47,31.6315,-8.0083,77.07,31,75,5.75
89,Maracas,BR,2022-01-31 13:48:51,-13.4411,-40.4308,77.94,60,52,4.94
90,Sao Filipe,CV,2022-01-31 13:48:51,14.8961,-24.4956,72.12,73,100,2.66
91,Vangaindrano,MG,2022-01-31 13:48:52,-23.35,47.6,80.04,67,0,7.94
92,Yulara,AU,2022-01-31 13:48:52,-25.2406,130.9889,76.84,100,100,12.66
93,Lahij,YE,2022-01-31 13:49:52,13.1667,44.5833,76.71,53,27,11.77
94,Roald,NO,2022-01-31 13:47:36,62.5833,6.1333,35.01,93,75,17.27
95,Pemangkat,ID,2022-01-31 13:49:53,1.1667,108.9667,78.62,80,94,5.37
96,Hasaki,JP,2022-01-31 13:49:53,35.7333,140.8333,37.8,38,0,15.73
97,Kastamonu,TR,2022-01-31 13:49:54,41.5,33.6667,37.42,73,35,4.43
98,Dikson,RU,2022-01-31 13:45:42,73.5069,80.5464,-4.58,94,96,21.07
99,Yerbogachen,RU,2022-01-31 13:45:30,61.2767,108.0108,-9.18,99,98,2.86
100,Kodiak,US,2022-01-31 13:49:55,57.79,-152.4072,17.11,86,0,5.75
101,Ojinaga,MX,2022-01-31 13:49:55,29.5667,-104.4167,46.42,75,0,4.61
102,Karaton,ID,2022-01-31 13:49:55,-6.3424,106.1045,80.76,86,100,1.43
103,Mar Del Plata,AR,2022-01-31 13:49:56,-38.0023,-57.5575,64.42,58,40,20.0
104,Agaro,ET,2022-01-31 13:49:56,7.85,36.65,82.6,24,100,3.49
105,Shumskiy,RU,2022-01-31 13:49:57,54.8318,99.1328,-5.22,98,48,2.82
106,Sobolevo,RU,2022-01-31 13:49:57,54.4299,31.8996,27.5,95,97,4.27
107,Ilulissat,GL,2022-01-31 13:49:58,69.2167,-51.1,10.42,56,75,14.97
108,College,US,2022-01-31 13:49:58,64.8569,-147.8028,-25.02,68,0,0.0
109,Asau,RO,2022-01-31 13:49:59,46.4333,26.4,40.95,50,34,10.45
110,Lata,PT,2022-01-31 13:49:59,40.1629,-8.3327,68.72,38,0,3.98
111,Maniitsoq,GL,2022-01-31 13:49:59,65.4167,-52.9,11.66,66,100,11.3
112,Pokhara,NP,2022-01-31 13:49:36,28.2333,83.9833,52.81,72,100,1.1
113,Pangkalanbuun,ID,2022-01-31 13:50:00,-2.6833,111.6167,75.43,94,100,2.98
114,Guerrero Negro,MX,2022-01-31 13:50:01,27.9769,-114.0611,57.15,79,100,6.46
115,Bambous Virieux,MU,2022-01-31 13:50:01,-20.3428,57.7575,84.45,70,75,12.66
116,Marfino,RU,2022-01-31 13:50:02,55.7028,37.3822,30.45,86,100,8.95
117,Kutum,SD,2022-01-31 13:50:02,14.2,24.6667,70.12,12,25,12.35
118,Bathsheba,BB,2022-01-31 13:50:03,13.2167,-59.5167,79.41,83,40,9.22
119,Kumsi,IN,2022-01-31 13:50:03,14.0667,75.4,74.32,44,0,3.44
120,Copperas Cove,US,2022-01-31 13:46:10,31.1241,-97.9031,54.19,85,100,6.91
121,Lubango,AO,2022-01-31 13:50:04,-14.9172,13.4925,76.82,29,85,10.92
122,Saint George,US,2022-01-31 13:47:32,37.1041,-113.5841,43.54,47,0,0.0
123,Koutsouras,GR,2022-01-31 13:50:05,35.0339,25.9469,56.93,55,6,10.96
124,Maxixe,MZ,2022-01-31 13:50:05,-23.8597,35.3472,84.02,70,40,11.99
125,Cap-Haitien,HT,2022-01-31 13:50:05,19.7578,-72.2042,74.68,78,83,3.11
126,Avarua,CK,2022-01-31 13:49:57,-21.2078,-159.775,73.45,94,20,6.91
127,Luderitz,NA,2022-01-31 13:46:02,-26.6481,15.1594,70.3,76,47,8.75
128,Matara,LK,2022-01-31 13:50:06,5.9485,80.5353,77.81,87,16,7.92
129,Xuddur,SO,2022-01-31 13:50:07,4.1213,43.8894,90.72,21,74,12.62
130,Hualmay,PE,2022-01-31 13:50:07,-11.0964,-77.6139,72.14,80,83,5.7
131,Tazovskiy,RU,2022-01-31 13:50:07,67.4667,78.7,-5.46,100,95,9.13
132,Barrow,US,2022-01-31 13:50:08,71.2906,-156.7887,-5.78,77,40,12.66
133,Tuktoyaktuk,CA,2022-01-31 13:50:08,69.4541,-133.0374,-5.22,97,100,11.5
134,Taupo,NZ,2022-01-31 13:50:09,-38.6833,176.0833,62.24,86,100,2.24
135,Somerset,US,2022-01-31 13:50:09,40.5668,-74.5496,24.89,65,98,1.01
136,Diffa,NE,2022-01-31 13:50:10,13.3154,12.6113,78.12,13,8,16.91
137,Xai-Xai,MZ,2022-01-31 13:51:10,-25.0519,33.6442,83.88,55,49,11.41
138,Tairua,NZ,2022-01-31 13:51:10,-37.0167,175.85,70.09,81,100,10.33
139,Flinders,AU,2022-01-31 13:49:37,-34.5833,150.8552,75.2,85,24,5.99
140,Chokurdakh,RU,2022-01-31 13:50:12,70.6333,147.9167,-24.72,97,27,4.36
141,Eirunepe,BR,2022-01-31 13:51:11,-6.6603,-69.8736,77.65,80,100,2.06
142,Skvyra,UA,2022-01-31 13:51:12,49.7318,29.6657,29.39,85,100,18.14
143,Mollendo,PE,2022-01-31 13:51:12,-17.0231,-72.0147,71.78,70,40,6.93
144,Vardo,NO,2022-01-31 13:51:12,70.3705,31.1107,21.18,79,40,5.75
145,Willowmore,ZA,2022-01-31 13:51:13,-33.2926,23.4895,90.1,31,59,9.26
146,Daokou,CN,2022-01-31 13:51:13,35.5639,114.5058,35.65,27,93,5.55
147,Sao Joao Da Barra,BR,2022-01-31 13:51:14,-21.6403,-41.0511,86.09,76,92,4.5
148,Rimbey,CA,2022-01-31 13:51:14,52.6334,-114.2353,17.44,90,100,24.94
149,Voh,NC,2022-01-31 13:51:14,-20.9667,164.7,74.86,86,67,2.13
150,Lienz,AT,2022-01-31 13:51:15,46.8289,12.769,44.11,75,95,7.25
151,Billings,US,2022-01-31 13:51:15,45.7833,-108.5007,42.57,26,100,12.66
152,Yaan,NG,2022-01-31 13:51:16,7.3833,8.5667,94.8,8,96,10.36
153,Urumqi,CN,2022-01-31 13:51:16,43.801,87.6005,-1.25,85,75,0.0
154,Korla,CN,2022-01-31 13:51:17,41.7597,86.1469,26.87,51,100,4.99
155,Ripon,GB,2022-01-31 13:51:17,54.1352,-1.5212,47.08,57,20,13.8
156,Anchorage,US,2022-01-31 13:51:17,61.2181,-149.9003,20.32,87,100,0.0
157,Cidreira,BR,2022-01-31 13:51:18,-30.1811,-50.2056,79.79,60,5,2.68
158,Georgetown,MY,2022-01-31 13:51:01,5.4112,100.3354,85.95,65,20,2.3
159,Niquelandia,BR,2022-01-31 13:48:26,-14.4739,-48.4597,77.05,82,73,4.07
160,Utrecht,NL,2022-01-31 13:47:38,52.0,5.25,45.09,89,100,11.99
161,Ancud,CL,2022-01-31 13:51:19,-41.8697,-73.8203,56.73,61,11,2.46
162,Buala,SB,2022-01-31 13:47:47,-8.145,159.5921,79.77,81,76,4.38
163,Lucapa,AO,2022-01-31 13:51:19,-8.4192,20.7447,78.04,74,87,4.36
164,Brusturoasa,RO,2022-01-31 13:51:20,46.5167,26.2,36.88,68,34,9.35
165,Aitape,PG,2022-01-31 13:51:20,-3.1374,142.3475,75.67,92,100,8.93
166,Santa Rita,BR,2022-01-31 13:51:20,-7.1139,-34.9781,86.67,66,75,13.8
167,Oranjestad,AW,2022-01-31 13:47:00,12.524,-70.027,80.55,69,40,12.66
168,Mananjary,MG,2022-01-31 13:51:21,-21.2167,48.3333,80.38,69,0,9.01
169,Caravelas,BR,2022-01-31 13:48:32,-17.7125,-39.2481,89.53,52,73,10.4
170,Tshane,BW,2022-01-31 13:51:22,-24.0196,21.8684,81.72,47,99,16.35
171,Lavrentiya,RU,2022-01-31 13:51:22,65.5833,-171.0,-5.22,88,38,8.84
172,San Policarpo,PH,2022-01-31 13:51:23,12.1791,125.5072,79.88,80,2,8.43
173,Upernavik,GL,2022-01-31 13:51:23,72.7868,-56.1549,-23.8,89,27,4.41
174,Coihaique,CL,2022-01-31 13:47:08,-45.5752,-72.0662,53.55,54,75,6.91
175,Broome,US,2022-01-31 13:51:24,42.2506,-75.833,16.48,78,0,0.0
176,Lujan,AR,2022-01-31 13:48:46,-34.5703,-59.105,74.82,41,86,8.99
177,Torbay,CA,2022-01-31 13:51:24,47.6666,-52.7314,36.75,75,40,12.66
178,Pacasmayo,PE,2022-01-31 13:51:25,-7.4006,-79.5714,72.0,78,100,7.16
179,Baykit,RU,2022-01-31 13:51:25,61.67,96.37,-2.07,99,99,1.36
180,Carnarvon,AU,2022-01-31 13:51:25,-24.8667,113.6333,82.47,65,0,24.16
181,Kidal,ML,2022-01-31 13:51:26,18.4411,1.4078,81.68,8,1,17.13
182,Kaitangata,NZ,2022-01-31 13:51:26,-46.2817,169.8464,55.87,97,38,2.06
183,Onod,HU,2022-01-31 13:51:27,48.0,20.9167,38.43,65,100,9.89
184,San Javier,ES,2022-01-31 13:51:57,37.8063,-0.8374,75.69,11,0,12.66
185,Trincomalee,LK,2022-01-31 13:52:27,8.5711,81.2335,80.31,71,40,11.32
186,Baruun-Urt,MN,2022-01-31 13:52:28,46.6806,113.2792,-7.15,95,7,5.19
187,Ostrovnoy,RU,2022-01-31 13:52:28,68.0531,39.5131,6.46,97,88,7.65
188,Krasnorechenskiy,RU,2022-01-31 13:52:28,44.6265,135.3532,-9.49,97,58,6.08
189,Sorland,NO,2022-01-31 13:52:29,67.667,12.6934,33.87,76,100,9.75
190,Matay,EG,2022-01-31 13:52:29,28.419,30.7792,62.8,40,94,16.44
191,Adrar,MR,2022-01-31 13:52:30,20.5022,-10.0711,87.04,10,100,18.95
192,Sitka,US,2022-01-31 13:52:30,57.0531,-135.33,31.89,86,40,0.0
193,Fairbanks,US,2022-01-31 13:52:30,64.8378,-147.7164,-18.9,70,0,0.0
194,Tasiilaq,GL,2022-01-31 13:52:31,65.6145,-37.6368,7.61,81,100,9.04
195,Comodoro Rivadavia,AR,2022-01-31 13:52:31,-45.8667,-67.5,64.26,29,0,16.11
196,Sangar,RU,2022-01-31 13:52:32,63.9242,127.4739,-34.33,100,100,0.87
197,Bethel,US,2022-01-31 13:52:32,41.3712,-73.414,23.92,65,36,1.72
198,Faanui,PF,2022-01-31 13:52:32,-16.4833,-151.75,79.9,75,17,11.18
199,Timra,SE,2022-01-31 13:52:33,62.487,17.3257,19.08,73,17,9.22
200,Ketchikan,US,2022-01-31 13:52:33,55.3422,-131.6461,34.27,86,100,3.44
201,Saint-Philippe,RE,2022-01-31 13:52:34,-21.3585,55.7679,85.55,81,82,13.6
202,Kavieng,PG,2022-01-31 13:52:34,-2.5744,150.7967,80.89,77,48,4.45
203,Syedove,UA,2022-01-31 13:52:35,47.0768,38.156,35.01,86,100,20.2
204,Gracanica,BA,2022-01-31 13:52:35,44.7033,18.3097,43.97,58,100,0.92
205,Kawalu,ID,2022-01-31 13:52:35,-7.3817,108.2082,74.08,94,100,1.59
206,Ust-Koksa,RU,2022-01-31 13:52:36,50.2696,85.6108,7.84,88,99,0.72
207,Kontagora,NG,2022-01-31 13:52:36,10.3999,5.4695,92.61,6,39,7.67
208,Ilo,PE,2022-01-31 13:52:37,-17.6394,-71.3375,68.86,78,0,6.91
209,Mayo,US,2022-01-31 13:52:37,38.8876,-76.5119,29.23,68,0,8.01
210,Sur,OM,2022-01-31 13:48:50,22.5667,59.5289,73.98,64,0,3.27
211,Naze,JP,2022-01-31 13:52:37,28.3667,129.4833,52.39,65,21,10.71
212,Aksarka,RU,2022-01-31 13:52:38,66.5606,67.7975,-14.22,100,98,3.83
213,Auki,SB,2022-01-31 13:52:38,-8.7676,160.7034,77.56,88,75,2.77
214,Darovskoy,RU,2022-01-31 13:52:39,58.77,47.9564,15.48,96,100,8.28
215,Sao Jose Da Coroa Grande,BR,2022-01-31 13:52:39,-8.8978,-35.1478,85.82,56,13,7.94
216,Anaconda,US,2022-01-31 13:52:40,46.1285,-112.9423,31.96,74,96,16.98
217,Xuanhua,CN,2022-01-31 13:52:40,40.6103,115.0447,14.31,58,7,11.18
218,Gaziantep,TR,2022-01-31 13:52:40,37.0594,37.3825,40.93,81,75,8.05
219,Nikolskoye,RU,2022-01-31 13:52:41,59.7035,30.7861,26.49,97,100,5.08
220,Meulaboh,ID,2022-01-31 13:52:41,4.1363,96.1285,80.74,77,100,3.04
221,Karratha,AU,2022-01-31 13:52:42,-20.7377,116.8463,83.35,74,99,23.17
222,Egvekinot,RU,2022-01-31 13:52:42,66.3167,-179.1667,3.65,62,55,11.63
223,Trinidad,BO,2022-01-31 13:51:32,-14.8333,-64.9,80.58,83,75,11.5
224,Jumla,NP,2022-01-31 13:50:54,29.2747,82.1838,35.67,91,26,3.2
225,Erenhot,CN,2022-01-31 13:50:14,43.6475,111.9767,-0.62,91,4,3.8
226,Manjakandriana,MG,2022-01-31 13:52:43,-18.9167,47.8,80.29,52,1,9.24
227,Cap Malheureux,MU,2022-01-31 13:52:43,-19.9842,57.6142,84.69,62,100,10.0
228,Krasnozerskoye,RU,2022-01-31 13:53:44,53.9828,79.2374,10.89,95,83,9.06
229,Salalah,OM,2022-01-31 13:53:44,17.0151,54.0924,74.55,55,71,5.14
230,Punta Alta,AR,2022-01-31 13:53:45,-38.8759,-62.0736,67.17,24,84,5.23
231,Beisfjord,NO,2022-01-31 13:53:45,68.3751,17.5988,25.97,76,89,8.57
232,Carutapera,BR,2022-01-31 13:53:45,-1.195,-46.02,76.86,90,100,5.95
233,Kruisfontein,ZA,2022-01-31 13:53:46,-34.0033,24.7314,80.2,63,50,10.36
234,Kangaba,ML,2022-01-31 13:53:46,11.9333,-8.4167,96.35,7,7,10.74
235,Nisia Floresta,BR,2022-01-31 13:53:47,-6.0911,-35.2086,86.81,51,47,12.39
236,Severo-Kurilsk,RU,2022-01-31 13:53:47,50.6789,156.125,26.04,75,100,14.12
237,Ishigaki,JP,2022-01-31 13:53:48,24.3448,124.1572,64.45,62,100,15.95
238,Laiyang,CN,2022-01-31 13:53:48,36.9758,120.7136,27.41,52,0,7.25
239,Usogorsk,RU,2022-01-31 13:53:48,63.4106,48.6872,3.88,99,98,4.76
240,Yiyang,CN,2022-01-31 13:53:49,28.5892,112.3283,42.35,85,99,1.57
241,Novospasskoye,RU,2022-01-31 13:53:49,53.1468,47.7514,32.27,96,100,13.4
242,Kuybyshevskiy Zaton,RU,2022-01-31 13:53:49,55.1593,49.1701,23.58,96,100,15.66
243,Eyl,SO,2022-01-31 13:53:50,7.9803,49.8164,79.61,69,89,19.48
244,Nouadhibou,MR,2022-01-31 13:53:50,20.931,-17.0347,69.78,68,100,11.5
245,Pisco,PE,2022-01-31 13:50:56,-13.7,-76.2167,71.65,78,40,2.3
246,Hamilton,US,2022-01-31 13:53:51,39.1834,-84.5333,24.24,82,16,1.01
247,Belyy Yar,RU,2022-01-31 13:53:51,53.6039,91.3903,-14.91,76,15,0.0
248,Hithadhoo,MV,2022-01-31 13:50:21,-0.6,73.0833,82.99,69,9,9.17
249,Bria,CF,2022-01-31 13:53:52,6.5423,21.9863,98.22,10,70,3.42
250,Ribas Do Rio Pardo,BR,2022-01-31 13:49:08,-20.4431,-53.7592,77.72,76,97,8.55
251,Camacha,PT,2022-01-31 13:52:38,33.0833,-16.3333,63.82,77,40,23.02
252,Pevek,RU,2022-01-31 13:53:52,69.7008,170.3133,-19.62,100,92,1.61
253,Sovetskiy,RU,2022-01-31 13:53:53,61.3614,63.5842,-0.94,99,100,2.77
254,Wellingborough,GB,2022-01-31 13:53:53,52.3027,-0.6945,46.71,58,32,18.01
255,Jalu,LY,2022-01-31 13:52:47,29.0331,21.5482,61.9,45,5,13.56
256,Rundu,NA,2022-01-31 13:53:54,-17.9333,19.7667,69.03,85,97,10.69
257,Hailey,US,2022-01-31 13:53:54,43.5196,-114.3153,21.9,95,100,4.85
258,Samarai,PG,2022-01-31 13:53:55,-10.6167,150.6667,81.3,79,100,10.33
259,Mount Isa,AU,2022-01-31 13:53:55,-20.7333,139.5,76.77,100,100,0.0
260,Udachnyy,RU,2022-01-31 13:53:55,66.4167,112.4,-34.37,100,56,3.58
261,Zhengjiatun,CN,2022-01-31 13:53:56,43.5064,123.5064,5.11,88,68,7.72
262,Saskylakh,RU,2022-01-31 13:49:49,71.9167,114.0833,-27.47,100,86,2.75
263,Galle,LK,2022-01-31 13:53:56,6.0367,80.217,78.58,82,26,4.74
264,Fortuna,US,2022-01-31 13:53:57,40.5982,-124.1573,46.92,93,100,4.0
265,Jardim,BR,2022-01-31 13:53:57,-21.4803,-56.1381,80.47,73,100,6.73
266,Cockburn Town,TC,2022-01-31 13:49:48,21.4612,-71.1419,73.24,82,100,22.79
267,Seydi,TM,2022-01-31 13:53:58,39.4816,62.9137,46.63,44,1,6.78
268,Gravdal,NO,2022-01-31 13:53:58,68.1214,13.5031,33.69,93,40,14.97
269,Wajima,JP,2022-01-31 13:53:58,37.4,136.9,38.37,60,100,13.73
270,Bud,US,2022-01-31 13:53:59,39.447,-86.1758,22.82,91,17,3.47
271,Quelimane,MZ,2022-01-31 13:53:59,-17.8786,36.8883,87.75,58,40,8.99
272,Vao,NC,2022-01-31 13:54:00,-22.6667,167.4833,78.66,81,100,5.21
273,Hambantota,LK,2022-01-31 13:54:00,6.1241,81.1185,79.95,75,8,15.41
274,Kimbe,PG,2022-01-31 13:55:01,-5.5502,150.1429,76.51,92,100,1.95
275,Narsaq,GL,2022-01-31 13:55:01,60.9167,-46.05,23.4,88,100,16.64
276,Hami,CN,2022-01-31 13:55:01,42.8,93.45,24.8,38,9,4.38
277,Praia Da Vitoria,PT,2022-01-31 13:55:02,38.7333,-27.0667,62.76,82,75,20.13
278,Izhma,RU,2022-01-31 13:55:02,65.0083,53.9113,2.12,98,96,4.99
279,Manjacaze,MZ,2022-01-31 13:55:02,-24.7117,33.8828,87.01,46,84,13.29
280,Kaputa,ZM,2022-01-31 13:55:03,-8.4689,29.6619,71.91,82,100,3.85
281,Cherskiy,RU,2022-01-31 13:55:03,68.75,161.3,-26.41,100,100,1.12
282,Pochutla,MX,2022-01-31 13:55:04,15.7432,-96.4661,73.81,59,0,2.39
283,Owando,CG,2022-01-31 13:55:04,-0.4819,15.8999,99.68,16,59,3.74
284,Wum,CM,2022-01-31 13:55:04,6.3833,10.0667,87.31,14,0,7.9
285,La Ronge,CA,2022-01-31 13:55:05,55.1001,-105.2842,8.85,85,100,4.61
286,Zhigansk,RU,2022-01-31 13:55:05,66.7697,123.3711,-32.76,100,92,6.78
287,Beringovskiy,RU,2022-01-31 13:55:06,63.05,179.3167,0.07,92,100,12.64
288,Qasigiannguit,GL,2022-01-31 13:55:06,68.8193,-51.1922,-7.92,79,100,10.18
289,Riyadh,SA,2022-01-31 13:55:06,24.6877,46.7219,71.74,28,0,15.61
290,Bonavista,CA,2022-01-31 13:55:07,48.6499,-53.1147,37.11,69,94,15.9
291,Byron Bay,AU,2022-01-31 13:55:07,-28.65,153.6167,76.95,88,9,0.96
292,Paranapanema,BR,2022-01-31 13:55:08,-23.3886,-48.7228,64.81,99,100,8.05
293,Ambilobe,MG,2022-01-31 13:55:08,-13.2,49.05,82.6,78,67,4.61
294,Portland,US,2022-01-31 13:54:52,45.5234,-122.6762,40.86,90,80,1.01
295,Tornio,FI,2022-01-31 13:55:09,65.8481,24.1466,5.02,93,15,6.29
296,Tura,IN,2022-01-31 13:55:09,25.5198,90.2201,55.72,58,7,3.56
297,Uige,AO,2022-01-31 13:55:09,-7.6087,15.0613,82.42,65,75,9.22
298,Chumikan,RU,2022-01-31 13:55:10,54.7183,135.315,1.13,82,99,14.5
299,Cayenne,GF,2022-01-31 13:55:10,4.9333,-52.3333,86.04,81,75,7.0
300,Yarada,IN,2022-01-31 13:55:11,17.65,83.2667,75.52,78,20,2.3
301,Talnakh,RU,2022-01-31 13:55:11,69.4865,88.3972,-10.88,88,98,9.13
302,Itaituba,BR,2022-01-31 13:55:11,-4.2761,-55.9836,78.96,83,40,5.75
303,Atchison,US,2022-01-31 13:55:12,39.563,-95.1216,32.92,71,100,8.39
304,Escarcega,MX,2022-01-31 13:55:12,18.6089,-90.7454,63.93,79,0,5.79
305,Husainabad,IN,2022-01-31 13:55:13,24.5333,84.0167,62.35,50,0,3.94
306,Darhan,MN,2022-01-31 13:55:13,49.4867,105.9228,-10.98,97,55,4.12
307,Seremban,MY,2022-01-31 13:55:14,2.7297,101.9381,83.61,92,50,1.97
308,Nioro,GM,2022-01-31 13:51:27,13.35,-15.75,101.41,8,99,8.93
309,Agara,GE,2022-01-31 13:55:14,42.0376,43.8238,32.45,91,69,0.83
310,Saint Pete Beach,US,2022-01-31 13:55:15,27.7253,-82.7412,54.05,84,0,3.0
311,Darnah,LY,2022-01-31 13:55:15,32.767,22.6367,58.96,68,55,19.04
312,Vigrestad,NO,2022-01-31 13:55:15,58.5667,5.7,38.59,99,100,11.63
313,Quatre Cocos,MU,2022-01-31 13:55:16,-20.2078,57.7625,84.31,79,100,23.51
314,Mushie,CD,2022-01-31 13:55:16,-3.0167,16.9,97.29,29,95,0.76
315,Beloha,MG,2022-01-31 13:55:17,-25.1667,45.05,84.04,48,30,19.44
316,Ulladulla,AU,2022-01-31 13:55:17,-35.35,150.4667,73.76,96,17,3.69
317,Yatou,CN,2022-01-31 13:55:17,37.15,122.3833,27.63,57,0,11.25
318,Constitucion,CL,2022-01-31 13:55:18,-35.3333,-72.4167,68.63,44,0,5.99
319,Bambanglipuro,ID,2022-01-31 13:55:18,-7.95,110.2833,65.61,88,100,3.42
320,Ulaanbaatar,MN,2022-01-31 13:55:17,47.9077,106.8832,-16.47,69,0,2.24
321,Huainan,CN,2022-01-31 13:56:19,32.6264,116.9969,39.2,52,100,4.38
322,Sandnessjoen,NO,2022-01-31 13:56:19,66.0217,12.6316,30.18,67,0,3.0
323,Kailua,US,2022-01-31 13:53:20,21.4022,-157.7394,69.75,90,53,1.99
324,Jieshi,CN,2022-01-31 13:56:20,22.8134,115.8257,51.94,77,100,12.86
325,Margate,GB,2022-01-31 13:56:20,51.3813,1.3862,47.17,49,96,14.0
326,Tezu,IN,2022-01-31 13:56:20,27.9167,96.1667,58.5,54,84,3.91
327,Taramangalam,IN,2022-01-31 13:56:21,11.7,77.9833,81.1,56,11,6.49
328,Veraval,IN,2022-01-31 13:56:21,20.9,70.3667,73.11,78,0,13.56
329,Ponta Do Sol,PT,2022-01-31 13:56:21,32.6667,-17.1,66.83,72,11,8.95
330,Liwale,TZ,2022-01-31 13:56:22,-9.7667,37.9333,75.67,92,100,2.93
331,Mont-Dore,NC,2022-01-31 13:56:22,-22.2833,166.5833,75.18,85,100,0.81
332,Santa Engracia,ES,2022-01-31 13:56:23,41.9406,-1.3245,56.14,65,59,32.41
333,Clonakilty,IE,2022-01-31 13:56:23,51.6231,-8.8706,50.09,74,98,13.38
334,Jinchang,CN,2022-01-31 13:56:24,38.4953,102.1739,20.23,38,25,3.11
335,Alihe,CN,2022-01-31 13:56:24,50.5667,123.7167,-0.99,96,98,2.75
336,Seoul,KR,2022-01-31 13:56:24,37.5683,126.9778,33.4,81,100,3.44
337,Nouakchott,MR,2022-01-31 13:56:25,18.0858,-15.9785,85.93,27,100,3.11
338,Carbonia,IT,2022-01-31 13:56:25,39.1672,8.5222,61.02,71,6,22.08
339,Bintulu,MY,2022-01-31 13:56:26,3.1667,113.0333,81.01,94,20,1.99
340,San Patricio,US,2022-01-31 13:56:26,28.017,-97.5169,64.49,91,100,7.31
341,La Gomera,GT,2022-01-31 13:56:26,14.0833,-91.05,65.91,61,0,2.66
342,Huarmey,PE,2022-01-31 13:56:27,-10.0681,-78.1522,72.52,81,60,6.71
343,Harboore,DK,2022-01-31 13:56:27,56.6175,8.1807,38.21,81,99,6.06
344,Aripuana,BR,2022-01-31 13:56:28,-9.1667,-60.6333,73.65,95,100,1.66
345,Lebu,CL,2022-01-31 13:56:28,-37.6167,-73.65,61.0,60,0,19.24
346,Juarez,MX,2022-01-31 13:56:28,31.7333,-106.4833,42.67,65,0,4.61
347,Nyurba,RU,2022-01-31 13:56:29,63.2842,118.3319,-27.2,100,94,3.29
348,Rawson,AR,2022-01-31 13:56:29,-43.3002,-65.1023,65.53,30,100,15.99
349,Neuquen,AR,2022-01-31 13:56:29,-38.9516,-68.0591,66.09,32,0,6.91
350,Bodden Town,KY,2022-01-31 13:56:30,19.2833,-81.25,71.98,57,40,7.0
351,La Tuque,CA,2022-01-31 13:56:30,47.4334,-72.7824,-14.55,76,88,3.44
352,Zheleznodorozhnyy,RU,2022-01-31 13:56:31,55.7503,38.0042,30.72,96,100,8.19
353,Asyut,EG,2022-01-31 13:56:31,27.181,31.1837,61.23,43,96,14.45
354,Noumea,NC,2022-01-31 13:56:31,-22.2763,166.4572,75.18,81,100,0.83
355,Bajil,YE,2022-01-31 13:56:32,15.0584,43.2851,84.7,50,41,9.98
356,Makakilo City,US,2022-01-31 13:53:51,21.3469,-158.0858,68.29,84,0,3.44
357,Road Town,VG,2022-01-31 13:56:32,18.4167,-64.6167,80.64,74,40,9.22
358,Victoria,HK,2022-01-31 13:56:33,22.2855,114.1577,57.33,79,100,3.0
359,Kalmunai,LK,2022-01-31 13:56:33,7.4167,81.8167,78.19,77,1,9.51
360,Salym,RU,2022-01-31 13:56:33,60.0625,71.4789,8.4,97,100,5.08
361,Haikou,CN,2022-01-31 13:51:52,20.0458,110.3417,64.53,94,75,11.18
362,Inhambane,MZ,2022-01-31 13:56:34,-23.865,35.3833,84.18,70,40,11.99
363,Miles City,US,2022-01-31 13:56:24,46.4083,-105.8406,36.52,62,100,6.24
364,Payo,ID,2022-01-31 13:56:35,-3.7508,103.6372,74.46,96,78,2.08
365,Derzhavinsk,KZ,2022-01-31 13:56:35,51.1,66.3167,16.86,93,100,13.96
366,Salantai,LT,2022-01-31 13:56:35,56.0667,21.5667,31.5,87,100,12.46
367,Lakes Entrance,AU,2022-01-31 13:56:36,-37.8811,147.981,70.57,90,0,5.7
368,Ambon,ID,2022-01-31 13:56:36,-3.6954,128.1814,84.34,70,40,8.05
369,Tommot,RU,2022-01-31 13:57:36,58.9564,126.2925,-5.35,98,100,4.83
370,Polunochnoye,RU,2022-01-31 13:57:37,60.8697,60.4153,1.81,98,100,0.69
371,Dingle,PH,2022-01-31 13:57:37,10.9995,122.6711,75.36,91,37,6.78
372,Takaka,NZ,2022-01-31 13:57:38,-40.85,172.8,68.56,58,100,2.53
373,Paita,PE,2022-01-31 13:57:38,-5.0892,-81.1144,75.76,74,99,9.95
374,Pringsewu,ID,2022-01-31 13:57:38,-5.3582,104.9744,75.31,93,100,1.36
375,Port Hardy,CA,2022-01-31 13:57:39,50.6996,-127.4199,38.75,87,75,12.66
376,Uppsala,SE,2022-01-31 13:57:39,60.0,17.75,27.57,74,75,16.11
377,West Memphis,US,2022-01-31 13:57:40,35.1465,-90.1845,36.52,72,38,5.01
378,Jizan,SA,2022-01-31 13:57:40,17.3333,42.6667,85.14,56,40,9.19
379,Tuatapere,NZ,2022-01-31 13:57:40,-46.1333,167.6833,61.83,96,11,3.13
380,Marsa Matruh,EG,2022-01-31 13:57:41,31.3525,27.2453,59.22,62,91,23.02
381,Rio Grande,BR,2022-01-31 13:57:41,-32.035,-52.0986,84.94,58,0,4.07
382,Broken Hill,AU,2022-01-31 13:57:42,-31.95,141.4333,74.91,83,100,10.36
383,Ola,RU,2022-01-31 13:53:19,59.5833,151.2833,3.74,83,100,11.81
384,Tiksi,RU,2022-01-31 13:57:42,71.6872,128.8694,-9.72,99,100,6.58
385,Madimba,TZ,2022-01-31 13:57:43,-10.4,40.3333,82.87,69,25,5.82
386,Tuy Hoa,VN,2022-01-31 13:57:43,13.0833,109.3,73.65,90,60,5.55
387,Alofi,NU,2022-01-31 13:57:43,-19.0595,-169.9187,67.89,100,40,0.0
388,Hokitika,NZ,2022-01-31 13:57:44,-42.7167,170.9667,60.03,68,100,5.64
389,Dzaoudzi,YT,2022-01-31 13:57:44,-12.7887,45.2699,85.89,70,75,12.66
390,Sinnamary,GF,2022-01-31 13:57:45,5.3833,-52.95,79.27,82,69,10.07
391,Santarem,BR,2022-01-31 13:57:45,-2.4431,-54.7083,78.93,89,75,6.91
392,Aksu,CN,2022-01-31 13:57:46,41.1231,80.2644,28.13,42,11,6.6
393,San Carlos De Bariloche,AR,2022-01-31 13:57:46,-41.1456,-71.3082,51.55,50,0,21.85
394,Dolinsk,RU,2022-01-31 13:57:46,47.35,142.8,17.46,80,86,11.59
395,North Platte,US,2022-01-31 13:57:47,41.1239,-100.7654,35.83,31,90,7.74
396,Acandi,CO,2022-01-31 13:57:47,8.5063,-77.2778,77.41,86,89,5.59
397,Panzhihua,CN,2022-01-31 13:57:48,26.5851,101.7128,49.82,77,52,1.63
398,Port Pirie,AU,2022-01-31 13:57:48,-33.1833,138.0167,75.29,76,92,8.01
399,Tynda,RU,2022-01-31 13:57:48,55.1667,124.7167,-17.81,98,34,3.85
400,Zavitinsk,RU,2022-01-31 13:57:49,50.1167,129.45,-17.23,100,76,4.43
401,Estelle,US,2022-01-31 13:57:49,29.8458,-90.1067,52.0,70,57,1.9
402,Kedougou,SN,2022-01-31 13:57:50,12.5579,-12.1743,101.37,6,56,9.78
403,Camiri,BO,2022-01-31 13:57:50,-20.05,-63.5167,73.18,64,75,0.0
404,Evensk,RU,2022-01-31 13:57:50,61.95,159.2333,17.1,80,100,25.72
405,Sabang,ID,2022-01-31 13:57:51,5.8933,95.3214,82.74,72,59,14.5
406,Srednekolymsk,RU,2022-01-31 13:57:51,67.45,153.6833,-21.89,96,100,3.09
407,Lorengau,PG,2022-01-31 13:57:52,-2.0226,147.2712,80.2,83,100,12.86
408,Los Llanos De Aridane,ES,2022-01-31 13:57:52,28.6585,-17.9182,65.95,77,20,4.0
409,Tonj,SS,2022-01-31 13:53:00,7.2737,28.6822,95.0,10,1,6.62
410,Ixtapa,MX,2022-01-31 13:57:53,20.7,-105.2,63.23,90,0,2.82
411,Klaksvik,FO,2022-01-31 13:57:53,62.2266,-6.589,36.52,78,100,12.86
412,Iqaluit,CA,2022-01-31 13:58:53,63.7506,-68.5145,-29.31,66,20,11.01
413,Benguela,AO,2022-01-31 13:58:54,-12.5763,13.4055,80.74,68,36,10.36
414,Bacolod,PH,2022-01-31 13:58:54,10.6667,122.95,77.88,84,21,11.39
415,Mmabatho,ZA,2022-01-31 13:58:55,-25.85,25.6333,80.56,41,40,12.66
416,Taoudenni,ML,2022-01-31 13:58:55,22.6783,-3.9836,83.23,6,82,18.63
417,Rocha,UY,2022-01-31 13:56:26,-34.4833,-54.3333,67.48,78,95,11.77
418,Madaoua,NE,2022-01-31 13:58:56,14.073,5.96,82.4,7,5,20.24
419,Khash,IR,2022-01-31 13:58:56,28.2211,61.2158,60.42,34,0,1.25
420,Plettenberg Bay,ZA,2022-01-31 13:58:56,-34.0527,23.3716,78.62,70,39,6.76
421,Saint-Augustin,CA,2022-01-31 13:58:57,51.226,-58.6502,3.56,88,45,3.85
422,Esso,RU,2022-01-31 13:58:57,55.9333,158.7,16.41,97,99,0.67
423,Riachao Do Dantas,BR,2022-01-31 13:58:58,-11.0689,-37.725,91.33,38,8,8.81
424,Dhangadhi,NP,2022-01-31 13:58:58,28.7079,80.5961,52.14,63,0,2.44
425,Kaeo,NZ,2022-01-31 13:58:58,-35.1,173.7833,69.33,96,100,13.4
426,Westport,US,2022-01-31 13:58:59,41.1415,-73.3579,25.75,60,37,3.0
427,Felling,GB,2022-01-31 13:58:59,54.953,-1.5715,45.97,59,20,12.66
428,Mamakan,RU,2022-01-31 13:59:00,57.8161,114.0028,-15.25,98,99,2.15
429,Mulege,MX,2022-01-31 13:59:00,26.8833,-111.9833,57.24,37,87,3.02
430,Altay,CN,2022-01-31 13:59:00,47.8667,88.1167,4.08,59,32,7.34
431,Makueni,KE,2022-01-31 13:59:01,-1.8041,37.6203,77.25,51,100,6.76
432,Port Lincoln,AU,2022-01-31 13:59:01,-34.7333,135.8667,64.04,81,0,13.98
433,Pathein,MM,2022-01-31 13:59:02,16.7833,94.7333,65.7,68,10,7.7
434,Wajir,KE,2022-01-31 13:59:02,1.7471,40.0573,94.71,19,48,6.15
435,Lagos,NG,2022-01-31 13:59:02,6.5833,3.75,95.32,15,3,8.12
436,Thayetmyo,MM,2022-01-31 13:59:03,19.3167,95.1833,69.46,30,0,3.0
437,Kalabo,ZM,2022-01-31 13:59:03,-14.97,22.6814,76.12,65,99,5.68
438,Itoman,JP,2022-01-31 13:59:04,26.1247,127.6694,59.02,63,20,8.05
439,Shebalino,RU,2022-01-31 13:59:04,51.2917,85.6772,11.91,94,100,3.78
440,San Cristobal,VE,2022-01-31 13:59:05,7.7669,-72.225,66.38,55,28,2.24
441,Tiznit,MA,2022-01-31 13:59:05,29.5833,-9.5,75.43,30,36,9.93
442,Lasa,IT,2022-01-31 13:59:05,46.6166,10.7002,45.7,80,84,11.77
443,Esmeraldas,BR,2022-01-31 13:59:06,-19.7625,-44.3139,71.71,88,100,4.88
444,Krasnoselkup,RU,2022-01-31 13:59:06,65.7,82.4667,11.46,95,100,11.12
445,Olafsvik,IS,2022-01-31 13:59:07,64.8945,-23.7142,27.93,95,100,20.07
446,Xining,CN,2022-01-31 13:59:07,36.6167,101.7667,16.47,61,89,1.03
447,Noshiro,JP,2022-01-31 13:59:07,40.2039,140.0242,27.43,68,100,13.8
448,Makushino,RU,2022-01-31 13:59:08,55.2103,67.2442,21.0,96,96,8.46
449,Ossora,RU,2022-01-31 13:59:08,59.2353,163.0719,22.03,95,100,19.37
450,Mosquera,CO,2022-01-31 13:59:08,4.7059,-74.2302,50.09,81,40,2.3
451,Coquimbo,CL,2022-01-31 13:59:09,-29.9533,-71.3436,64.13,82,75,6.91
452,Omsukchan,RU,2022-01-31 13:59:09,62.5333,155.8,-4.47,99,100,7.0
453,Kibala,TD,2022-01-31 13:59:10,9.1104,18.3463,94.12,8,14,6.17
454,Kuytun,RU,2022-01-31 13:59:10,54.3419,101.5036,-12.98,100,88,0.29
455,Wexford,IE,2022-01-31 13:59:10,52.3342,-6.4575,50.58,74,65,15.43
456,Manzanillo,CU,2022-01-31 13:59:11,20.3433,-77.1167,68.59,75,100,12.08
457,Porto Belo,BR,2022-01-31 13:59:11,-27.1578,-48.5531,85.78,72,57,5.57
458,Banepa,NP,2022-01-31 14:00:13,27.6298,85.5214,48.52,71,20,5.75
459,Jiayuguan,CN,2022-01-31 14:00:14,39.8167,98.3,18.57,28,100,5.06
460,Villa Carlos Paz,AR,2022-01-31 14:00:20,-31.4241,-64.4978,76.39,10,0,5.99
461,Nkhata Bay,MW,2022-01-31 14:00:23,-11.6066,34.2907,79.92,68,23,5.37
462,Nizhniy Ufaley,RU,2022-01-31 14:00:25,55.9153,59.9842,16.92,99,93,3.22
463,Barabai,ID,2022-01-31 14:00:29,-2.5833,115.3833,76.82,82,87,1.83
464,Leh,IN,2022-01-31 14:00:29,34.1667,77.5833,8.69,89,100,1.97
465,Port Hedland,AU,2022-01-31 14:00:30,-20.3167,118.5667,84.25,84,100,18.41
466,Port-Gentil,GA,2022-01-31 14:00:32,-0.7193,8.7815,81.57,73,40,9.33
467,Geraldton,AU,2022-01-31 14:00:34,-28.7667,114.6,75.61,78,83,14.97
468,Katsuura,JP,2022-01-31 14:00:36,35.1333,140.3,40.19,42,0,6.89
469,Plainview,US,2022-01-31 14:00:38,40.7765,-73.4673,25.99,65,1,3.0
470,Mogadishu,SO,2022-01-31 14:00:39,2.0371,45.3438,79.95,75,19,18.88
471,Vila Franca Do Campo,PT,2022-01-31 14:00:39,37.7167,-25.4333,63.19,76,13,18.05
472,San Joaquin,US,2022-01-31 14:00:42,37.9333,-121.3011,46.54,93,0,3.44
473,Airai,TL,2022-01-31 14:00:43,-8.9266,125.4092,61.36,88,99,4.41
474,San Quintin,MX,2022-01-31 14:00:44,30.4833,-115.95,54.84,72,32,4.03
475,Urusha,RU,2022-01-31 14:00:45,54.05,122.9,-8.93,95,97,3.74
476,Itarema,BR,2022-01-31 13:57:35,-2.9248,-39.9167,86.94,60,57,13.94
477,Pangnirtung,CA,2022-01-31 14:00:46,66.1451,-65.7125,-28.32,88,30,4.63
478,Bitam,GA,2022-01-31 14:00:46,2.076,11.5007,93.51,20,100,2.68
479,Tyumentsevo,RU,2022-01-31 14:00:47,53.3224,81.498,16.36,96,100,8.08
480,Svetlaya,RU,2022-01-31 14:00:47,46.5389,138.3297,6.8,74,10,10.45
481,Abu Zabad,SD,2022-01-31 14:00:48,12.35,29.25,79.54,12,6,17.11
482,Prince Rupert,CA,2022-01-31 14:00:48,54.3161,-130.3201,32.09,100,100,2.3
483,Lompoc,US,2022-01-31 14:00:48,34.6391,-120.4579,54.93,86,100,4.61
484,Baherden,TM,2022-01-31 14:00:49,38.4362,57.4316,50.61,38,0,5.79
485,Mount Gambier,AU,2022-01-31 14:00:49,-37.8333,140.7667,60.67,94,0,4.85
486,Touba,CI,2022-01-31 14:00:50,8.2833,-7.6833,94.64,8,77,7.23
487,Tirumullaivasal,IN,2022-01-31 14:00:50,11.2333,79.8333,76.48,79,6,10.18
488,Teseney,ER,2022-01-31 14:00:51,15.11,36.6575,82.83,22,10,15.05
489,Berthierville,CA,2022-01-31 14:00:22,46.0834,-73.1824,10.33,80,100,1.01
490,Kahului,US,2022-01-31 14:00:51,20.8947,-156.47,71.83,79,65,8.01
491,Pitimbu,BR,2022-01-31 14:00:52,-7.4706,-34.8086,84.85,60,4,9.69
492,Leshukonskoye,RU,2022-01-31 14:00:52,64.8989,45.7622,7.86,96,100,4.38
493,Merauke,ID,2022-01-31 14:00:53,-8.4667,140.3333,81.23,79,100,5.86
494,Saint Anthony,US,2022-01-31 14:00:04,45.0205,-93.218,15.73,85,100,5.99
495,Kanye,BW,2022-01-31 14:00:53,-24.9667,25.3327,82.18,32,85,12.17
496,Gao,ML,2022-01-31 14:00:54,16.6362,1.637,83.93,8,2,18.45
497,Cairns,AU,2022-01-31 14:00:54,-16.9167,145.7667,81.07,88,75,2.3
498,Mirnyy,RU,2022-01-31 14:00:55,62.5353,113.9611,-8.16,99,100,3.65
499,Humberto De Campos,BR,2022-01-31 14:00:55,-2.5983,-43.4611,82.11,79,100,6.93
500,Urengoy,RU,2022-01-31 14:00:56,65.9667,78.3667,3.09,98,100,6.8
501,Sharjah,AE,2022-01-31 14:00:56,25.3573,55.4033,71.92,60,0,8.32
502,Biak,ID,2022-01-31 14:01:57,-0.9131,122.8766,77.14,78,26,6.98
503,Half Moon Bay,US,2022-01-31 13:57:37,37.4636,-122.4286,51.87,90,100,4.7
504,Rehli,IN,2022-01-31 14:00:47,23.6333,79.0833,67.28,31,0,5.46
505,Rudbar,AF,2022-01-31 14:01:58,30.15,62.6,61.81,31,0,5.68
506,Camana,PE,2022-01-31 14:01:58,-16.6228,-72.7111,72.79,71,41,7.61
507,Berlevag,NO,2022-01-31 14:01:59,70.8578,29.0864,17.55,79,0,12.66
508,Qianguo,CN,2022-01-31 14:01:59,45.1171,124.8568,-5.53,100,6,2.91
509,Axim,GH,2022-01-31 14:01:59,4.8699,-2.2405,87.17,51,69,10.67
510,Talavera,PH,2022-01-31 14:02:00,15.6167,120.9333,73.35,81,11,5.32
511,Shingu,JP,2022-01-31 14:00:14,33.7333,135.9833,37.9,81,4,6.17
512,Mehamn,NO,2022-01-31 14:02:00,71.0357,27.8492,17.51,92,99,6.58
513,Pundaguitan,PH,2022-01-31 14:02:01,6.3711,126.1689,81.37,77,100,17.74
514,Vanimo,PG,2022-01-31 14:02:01,-2.6741,141.3028,75.34,93,100,8.97
515,Vanavara,RU,2022-01-31 14:02:01,60.34,102.2797,-2.04,99,100,2.26
516,Glendive,US,2022-01-31 14:02:02,47.1053,-104.7125,35.19,76,20,11.5
517,Dryden,CA,2022-01-31 14:00:09,49.7833,-92.7503,12.49,79,75,6.91
518,Mongagua,BR,2022-01-31 14:02:02,-24.0931,-46.6208,77.94,92,100,5.97
519,Grenaa,DK,2022-01-31 14:02:03,56.4158,10.8783,39.42,75,97,8.66
520,Saint-Pierre,RE,2022-01-31 14:02:03,-21.3393,55.4781,85.64,74,20,21.85
521,Yanliang,CN,2022-01-31 14:02:04,34.6592,109.2292,31.6,48,99,5.41
522,Arlit,NE,2022-01-31 14:02:04,18.7369,7.3853,77.36,6,0,2.98
523,Pangody,RU,2022-01-31 14:02:04,65.85,74.4859,-6.0,100,100,7.02
524,Riachao,BR,2022-01-31 14:02:05,-7.3619,-46.6172,84.29,62,42,2.3
525,Huadian,CN,2022-01-31 14:02:05,42.9633,126.7478,-0.92,96,91,2.95
526,Kupang,ID,2022-01-31 14:02:06,-10.1667,123.5833,82.98,83,20,6.91
527,Dicabisagan,PH,2022-01-31 14:02:06,17.0818,122.4157,73.47,88,94,10.11
528,Pandan,PH,2022-01-31 14:02:07,14.0453,124.1694,77.81,86,100,16.4
529,Yuncheng,CN,2022-01-31 14:00:33,35.0231,110.9928,31.78,41,100,0.85
530,Khandyga,RU,2022-01-31 14:02:07,62.6667,135.6,-23.96,98,100,0.29
531,Hervey Bay,AU,2022-01-31 14:02:08,-25.2986,152.8535,78.04,79,94,6.82
532,Shirokiy,RU,2022-01-31 14:02:08,49.758,129.523,-16.82,100,56,4.52
533,Peruibe,BR,2022-01-31 14:02:08,-24.32,-46.9983,70.38,92,100,3.98
534,Tobermory,CA,2022-01-31 14:02:09,45.2501,-81.6665,18.46,86,77,6.22
535,Padang,ID,2022-01-31 14:00:30,-0.9492,100.3543,78.24,89,100,4.45
